{
    "ORDER": {
      "PIZZAORDER": [
        {
          "NUMBER": "two",
          "SIZE": "large",
          "STYLE": "chicago style",
          "AllTopping": [
            {
              "NOT":false,
              "Quantity": "extra",
              "Topping": "cheese"
            },
            {
              "NOT": false,
              "Quantity": null,
              "Topping": "pepperoni"
            },
            {
              "NOT": true,
              "Quantity": null,
              "Topping": "onions"
            },
             {
              "NOT": true,
              "Quantity": null,
              "Topping": "bacon"
            }
          ]
        },
        {
          "NUMBER": "three",
          "SIZE": "small",
          "STYLE": "thin crust",
          "AllTopping": [
            {
              "NOT": false,
              "Quantity": "a lot",
              "Topping": "olives"
            },
            {
              "NOT": false,
              "Quantity": null,
              "Topping": "ham"
            }
          ]
        }
      ],
      "DRINKORDER": [
        {
          "NUMBER": "five",
          "SIZE": "large",
          "DRINKTYPE": "coke",
          "CONTAINERTYPE": "bottle"
        },
        {
          "NUMBER": "two",
          "SIZE": "medium",
          "DRINKTYPE": "diet pepsi",
          "CONTAINERTYPE": "can"
        }
      ]
    }
  }
  